code,use,ITE Code,Rate,Variable,Flag,Status,Previous Rate
TRPA89,Auto Parts and Service Center,943,16.6,KSF,,0,
TRPA35,Bowling Alley,437,1.48,Bowling Lanes,Insufficient Data,Same,
TRPA109,Brewery Taproom,971,61.69,KSF,,Added,
TRPA77,Building Materials/Lumber,812,11.7,KSF,,Changed,17.05
TRPA110,Cannabis Dispensary,882,227.76,KSF,,Added,
TRPA53,Church,560,6.78,KSF,,Changed,7.6
TRPA18,Congregate Care Facility (Residential Care),253,2.43,DU,,Changed,2.21
TRPA56,Daycare Center,565,39.3,KSF,,Changed,47.62
TRPA102,Drive-In Bank,912,98.85,KSF,,Changed,100.35
TRPA44,Elementary School,520,2.27,Students,,Same,
TRPA108,Fast Food Restaurant (without drive-through window),933,413.41,KSF,,Changed,450.49
TRPA106,"Fine Dining, previously Quality Restaurant (>1 hr. turnover)",931,79.03,KSF,,Changed,83.84
TRPA79,Free-Standing Discount Store,815,53.87,KSF,,Same,
TRPA101,Furniture Store,890,6.32,KSF,,Changed,6.3
LA26,General Light Industrial,110,3.6,KSF,,Changed,4.87
LA11,General Retail,820,36.39,KSF,,Changed,37.01
TRPA34,Golf Course,430,30.38,Holes,,Same,
TRPA46,High School,525,1.94,Students,,Same,
TRPA107,High Turnover Sit-Down Restaurant (<1 hr. turnover),932,103.75,KSF,,Changed,107.2
TRPA59,Hospital,610,10.7,KSF,,Changed,10.77
TRPA20,Hotel,310,5.84,Units,,Changed,7.99
TRPA52,Junior/Community College,540,1.15,Students,,Same,
TRPA58,Library,590,72.05,KSF,,Same,
TRPA33,Marina,420,2.41,Berths,Limited Sample Size,Same,
TRPA67,Medical-Dental Office Building,720,34.03,KSF,,Changed,36
TRPA45,Middle School/Junior High School,522,2.09,Students,,Changed,2.1
TRPA23,Motel,320,3.35,Units,,Same,
TRPA11,"Multi-Family (low-rise, one or two levels)",220,6.21,DU,,Changed,6.74
TRPA63,"Office - General Office Building (GFA of more than 10,000 sf)",710,7.83,KSF,,Changed,10.84
TRPA112,"Office - Small Office Building (GFA of less than 10,000 sf)",712,14.39,KSF,,Added,
TRPA99,Pharmacy/Drugstore,880,90.08,KSF,,Same,
TRPA48,Private School (K-12),532,1.74,Students,Insufficient Data,Changed,2.48
TRPA31,Public Park,411,0.78,Acres,,Same,
TRPA43,Recreational Community Center,495,28.82,KSF,,Same,
TRPA17,Senior Adult Housing - Attached,252,3.25,DU,,Changed,3.24
TRPA10,Single-Family Detached,210,9.09,DU,,Changed,9.43
TRPA113,Specialty Trade Contractor,180,9.82,KSF,,Added,
TRPA92,Supermarket,850,92.29,KSF,,Changed,93.84
TRPA14,Timeshare,265,10.03,Units,,Changed,8.63
TRPA28,Warehouse,150,1.38,KSF,,Changed,1.71
